path	width	height	size
teacher/zoology_general/0-生物奥赛2026_002.jpg	484	273	232193
teacher/zoology_general/0-生物奥赛2026_003.jpg	436	421	68560
teacher/zoology_general/0-生物奥赛2026_005.jpg	586	389	92015
teacher/zoology_general/0-生物奥赛2026_006.jpg	547	428	71676
teacher/zoology_general/0-生物奥赛2026_007.jpg	378	318	48161
teacher/zoology_general/0-生物奥赛2026_008.jpg	1104	1131	31653
teacher/zoology_general/0-生物奥赛2026_013.jpg	600	325	52229
teacher/zoology_general/0-生物奥赛2026_017.jpg	600	525	106036
teacher/zoology_general/0-生物奥赛2026_018.jpg	635	261	31870
teacher/zoology_general/0-生物奥赛2026_019.jpg	2096	1256	45101
teacher/zoology_general/0-生物奥赛2026_020.jpg	500	424	40641
teacher/zoology_general/0-生物奥赛2026_021.jpg	800	701	106718
teacher/zoology_general/0-生物奥赛2026_022.jpg	1686	1656	879056
teacher/zoology_general/0-生物奥赛2026_026.jpg	600	447	75717
teacher/zoology_general/0-生物奥赛2026_027.jpg	600	449	62941
teacher/zoology_general/0-生物奥赛2026_029.jpg	437	337	221440
teacher/ch11_chordates_fish/1-脊索动物与鱼类2026_001.jpg	482	715	127139
teacher/ch11_chordates_fish/1-脊索动物与鱼类2026_002.jpg	976	502	9940
teacher/ch11_chordates_fish/1-脊索动物与鱼类2026_006.jpg	1292	1919	208688
teacher/ch11_chordates_fish/1-脊索动物与鱼类2026_007.jpg	927	1227	23298
teacher/ch11_chordates_fish/1-脊索动物与鱼类2026_008.jpg	1202	1593	33861
teacher/ch11_chordates_fish/1-脊索动物与鱼类2026_009.jpg	1056	914	17681
teacher/ch11_chordates_fish/1-脊索动物与鱼类2026_010.jpg	1337	1763	240665
teacher/ch11_chordates_fish/1-脊索动物与鱼类2026_012.jpg	500	281	44085
teacher/ch11_chordates_fish/1-脊索动物与鱼类2026_013.jpg	1008	450	9780
teacher/ch11_chordates_fish/1-脊索动物与鱼类2026_014.jpg	1552	487	26540
teacher/ch11_chordates_fish/1-脊索动物与鱼类2026_015.jpg	1056	966	38900
teacher/ch11_chordates_fish/1-脊索动物与鱼类2026_016.jpg	1850	682	27762
teacher/ch11_chordates_fish/1-脊索动物与鱼类2026_018.jpg	487	511	73491
teacher/ch11_chordates_fish/1-脊索动物与鱼类2026_020.jpg	446	329	32393
teacher/ch11_chordates_fish/1-脊索动物与鱼类2026_022.jpg	721	645	70069
teacher/ch11_chordates_fish/1-脊索动物与鱼类2026_023.jpg	626	406	415901
teacher/ch11_chordates_fish/1-脊索动物与鱼类2026_024.jpg	1226	1649	56823
teacher/ch11_chordates_fish/1-脊索动物与鱼类2026_025.jpg	640	1101	14427
teacher/ch11_chordates_fish/1-脊索动物与鱼类2026_026.jpg	500	425	69707
teacher/ch11_chordates_fish/1-脊索动物与鱼类2026_027.jpg	1228	587	366319
teacher/ch11_chordates_fish/1-脊索动物与鱼类2026_028.jpg	501	472	30680
teacher/ch11_chordates_fish/1-脊索动物与鱼类2026_029.jpg	936	394	30415
teacher/ch11_chordates_fish/1-脊索动物与鱼类2026_030.jpg	492	413	29928
teacher/ch11_chordates_fish/1-脊索动物与鱼类2026_031.jpg	935	626	10511
teacher/ch11_chordates_fish/1-脊索动物与鱼类2026_032.jpg	630	347	78090
teacher/ch11_chordates_fish/1-脊索动物与鱼类2026_033.jpg	1328	612	21413
teacher/ch11_chordates_fish/1-脊索动物与鱼类2026_034.jpg	612	289	191057
teacher/ch11_chordates_fish/1-脊索动物与鱼类2026_035.jpg	798	551	175703
teacher/ch11_chordates_fish/1-脊索动物与鱼类2026_036.jpg	557	513	31032
teacher/ch11_chordates_fish/1-脊索动物与鱼类2026_037.jpg	785	463	105565
teacher/ch11_chordates_fish/1-脊索动物与鱼类2026_038.jpg	446	526	119041
teacher/ch11_chordates_fish/1-脊索动物与鱼类2026_040.jpg	396	504	34258
teacher/ch11_chordates_fish/1-脊索动物与鱼类2026_041.jpg	368	614	62556
teacher/ch11_chordates_fish/1-脊索动物与鱼类2026_042.jpg	640	373	46166
teacher/ch11_chordates_fish/1-脊索动物与鱼类2026_043.jpg	832	443	89066
teacher/ch11_chordates_fish/1-脊索动物与鱼类2026_044.jpg	465	413	29140
teacher/ch11_chordates_fish/1-脊索动物与鱼类2026_046.jpg	752	698	8731
teacher/ch11_chordates_fish/1-脊索动物与鱼类2026_047.jpg	679	315	31137
teacher/ch11_chordates_fish/1-脊索动物与鱼类2026_048.jpg	548	302	159929
teacher/ch11_chordates_fish/1-脊索动物与鱼类2026_049.jpg	653	262	25487
teacher/ch11_chordates_fish/1-脊索动物与鱼类2026_052.jpg	746	433	52924
teacher/ch11_chordates_fish/1-脊索动物与鱼类2026_053.jpg	378	433	14181
teacher/ch11_chordates_fish/1-脊索动物与鱼类2026_054.jpg	896	635	14906
teacher/ch11_chordates_fish/1-脊索动物与鱼类2026_056.jpg	451	366	346984
teacher/ch11_chordates_fish/1-脊索动物与鱼类2026_057.jpg	471	333	12627
teacher/ch11_chordates_fish/1-脊索动物与鱼类2026_058.jpg	1168	1008	16631
teacher/ch11_chordates_fish/1-脊索动物与鱼类2026_059.jpg	784	706	10185
teacher/ch11_chordates_fish/1-脊索动物与鱼类2026_060.jpg	598	423	36742
teacher/ch11_chordates_fish/1-脊索动物与鱼类2026_061.jpg	555	333	43450
teacher/ch11_chordates_fish/1-脊索动物与鱼类2026_062.jpg	500	618	105709
teacher/ch11_chordates_fish/1-脊索动物与鱼类2026_064.jpg	584	370	31004
teacher/ch11_chordates_fish/1-脊索动物与鱼类2026_067.jpg	538	441	298108
teacher/ch11_chordates_fish/1-脊索动物与鱼类2026_068.jpg	319	401	189158
teacher/ch11_chordates_fish/1-脊索动物与鱼类2026_069.jpg	1248	397	9787
teacher/ch12_intro/1._绪论__2026年_001.jpg	508	1070	76212
teacher/ch12_intro/1._绪论__2026年_003.jpg	865	950	107540
teacher/ch12_excretion/10_排泄-2026年_003.jpg	474	397	142339
teacher/ch12_excretion/10_排泄-2026年_005.jpg	400	500	25839
teacher/ch12_excretion/10_排泄-2026年_007.jpg	967	1280	99630
teacher/ch12_excretion/10_排泄-2026年_008.jpg	450	800	31861
teacher/ch12_excretion/10_排泄-2026年_009.jpg	409	371	13229
teacher/ch12_excretion/10_排泄-2026年_010.jpg	600	350	18750
teacher/ch12_excretion/10_排泄-2026年_011.jpg	550	1000	33847
teacher/ch12_excretion/10_排泄-2026年_012.jpg	800	1017	748936
teacher/ch12_excretion/10_排泄-2026年_013.jpg	1280	1132	75409
teacher/ch12_excretion/10_排泄-2026年_014.jpg	1280	1084	87830
teacher/ch12_excretion/10_排泄-2026年_015.jpg	413	311	92920
teacher/ch12_excretion/10_排泄-2026年_016.jpg	2764	2652	514951
teacher/ch12_excretion/10_排泄-2026年_017.jpg	1278	1280	127134
teacher/ch12_excretion/10_排泄-2026年_018.jpg	2312	1280	1078761
teacher/ch12_excretion/10_排泄-2026年_019.jpg	407	576	30532
teacher/ch12_excretion/10_排泄-2026年_020.jpg	705	609	52011
teacher/ch12_excretion/10_排泄-2026年_021.jpg	705	609	46461
teacher/ch12_excretion/10_排泄-2026年_022.jpg	900	1200	789982
teacher/ch12_excretion/10_排泄-2026年_023.jpg	742	516	183482
teacher/ch12_excretion/10_排泄-2026年_024.jpg	488	342	28895
teacher/ch12_excretion/10_排泄-2026年_025.jpg	420	360	21672
teacher/ch12_excretion/10_排泄-2026年_026.jpg	680	650	52284
teacher/ch12_excretion/10_排泄-2026年_027.jpg	600	350	17233
teacher/ch12_excretion/10_排泄-2026年_028.jpg	700	639	312894
teacher/ch12_excretion/10_排泄-2026年_029.jpg	600	550	179516
teacher/ch12_excretion/10_排泄-2026年_030.jpg	768	639	40999
teacher/ch12_excretion/10_排泄-2026年_031.jpg	321	558	180494
teacher/ch12_excretion/10_排泄-2026年_032.jpg	2560	1600	510337
teacher/ch12_excretion/10_排泄-2026年_033.jpg	800	846	1321600
teacher/ch12_excretion/10_排泄-2026年_034.jpg	489	448	378080
teacher/ch12_excretion/10_排泄-2026年_035.jpg	360	553	436836
teacher/ch12_excretion/10_排泄-2026年_036.jpg	713	424	373194
teacher/ch12_endocrine/11_内分泌-2026年_001.jpg	1228	1650	470976
teacher/ch12_endocrine/11_内分泌-2026年_002.jpg	800	800	454988
teacher/ch12_endocrine/11_内分泌-2026年_003.jpg	600	877	142042
teacher/ch12_endocrine/11_内分泌-2026年_004.jpg	384	596	18912
teacher/ch12_endocrine/11_内分泌-2026年_005.jpg	488	876	34907
teacher/ch12_endocrine/11_内分泌-2026年_007.jpg	800	594	194313
teacher/ch12_endocrine/11_内分泌-2026年_008.jpg	680	650	42281
teacher/ch12_endocrine/11_内分泌-2026年_009.jpg	912	1023	15369
teacher/ch12_endocrine/11_内分泌-2026年_010.jpg	2020	1056	144678
teacher/ch12_endocrine/11_内分泌-2026年_011.jpg	1500	1844	41052
teacher/ch12_endocrine/11_内分泌-2026年_012.jpg	1167	1152	145778
teacher/ch12_endocrine/11_内分泌-2026年_013.jpg	1120	1040	15801
teacher/ch12_endocrine/11_内分泌-2026年_014.jpg	1216	1110	15349
teacher/ch12_endocrine/11_内分泌-2026年_015.jpg	660	805	1039111
teacher/ch12_endocrine/11_内分泌-2026年_016.jpg	564	764	46190
teacher/ch12_endocrine/11_内分泌-2026年_017.jpg	800	548	36051
teacher/ch12_reproduction/12_生殖-2026年_001.jpg	800	792	694676
teacher/ch12_reproduction/12_生殖-2026年_002.jpg	800	605	413327
teacher/ch12_reproduction/12_生殖-2026年_003.jpg	800	629	465662
teacher/ch12_reproduction/12_生殖-2026年_004.jpg	650	350	35864
teacher/ch12_reproduction/12_生殖-2026年_005.jpg	989	1255	19117
teacher/ch12_reproduction/12_生殖-2026年_006.jpg	1258	908	187898
teacher/ch12_reproduction/12_生殖-2026年_007.jpg	1403	993	232385
teacher/ch12_reproduction/12_生殖-2026年_008.jpg	959	1280	89678
teacher/ch12_reproduction/12_生殖-2026年_009.jpg	800	678	1082462
teacher/ch12_reproduction/12_生殖-2026年_010.jpg	1065	1311	197037
teacher/ch12_reproduction/12_生殖-2026年_011.jpg	865	950	78389
teacher/ch12_reproduction/12_生殖-2026年_012.jpg	865	950	72502
teacher/ch12_reproduction/12_生殖-2026年_014.jpg	534	357	128386
teacher/ch11_amphibians_reptiles/2-两栖与爬行动物2026_002.jpg	1296	609	22070
teacher/ch11_amphibians_reptiles/2-两栖与爬行动物2026_003.jpg	396	372	55367
teacher/ch11_amphibians_reptiles/2-两栖与爬行动物2026_004.jpg	669	467	80020
teacher/ch11_amphibians_reptiles/2-两栖与爬行动物2026_005.jpg	614	636	167133
teacher/ch11_amphibians_reptiles/2-两栖与爬行动物2026_006.jpg	602	641	135254
teacher/ch11_amphibians_reptiles/2-两栖与爬行动物2026_007.jpg	880	1233	32764
teacher/ch11_amphibians_reptiles/2-两栖与爬行动物2026_010.jpg	880	594	15641
teacher/ch11_amphibians_reptiles/2-两栖与爬行动物2026_011.jpg	384	767	6801
teacher/ch11_amphibians_reptiles/2-两栖与爬行动物2026_012.jpg	1024	768	80964
teacher/ch11_amphibians_reptiles/2-两栖与爬行动物2026_013.jpg	515	414	58479
teacher/ch11_amphibians_reptiles/2-两栖与爬行动物2026_015.jpg	501	410	49895
teacher/ch11_amphibians_reptiles/2-两栖与爬行动物2026_017.jpg	288	527	10180
teacher/ch11_amphibians_reptiles/2-两栖与爬行动物2026_018.jpg	481	472	63174
teacher/ch11_amphibians_reptiles/2-两栖与爬行动物2026_019.jpg	1184	1067	36312
teacher/ch11_amphibians_reptiles/2-两栖与爬行动物2026_020.jpg	898	465	176932
teacher/ch11_amphibians_reptiles/2-两栖与爬行动物2026_021.jpg	296	425	47360
teacher/ch11_amphibians_reptiles/2-两栖与爬行动物2026_022.jpg	608	1127	19487
teacher/ch11_amphibians_reptiles/2-两栖与爬行动物2026_023.jpg	803	647	294530
teacher/ch11_amphibians_reptiles/2-两栖与爬行动物2026_024.jpg	1008	850	20691
teacher/ch11_amphibians_reptiles/2-两栖与爬行动物2026_025.jpg	401	492	89204
teacher/ch11_amphibians_reptiles/2-两栖与爬行动物2026_026.jpg	533	408	81803
teacher/ch11_amphibians_reptiles/2-两栖与爬行动物2026_027.jpg	1008	594	11528
teacher/ch11_amphibians_reptiles/2-两栖与爬行动物2026_028.jpg	752	632	10830
teacher/ch11_amphibians_reptiles/2-两栖与爬行动物2026_030.jpg	640	677	14280
teacher/ch11_amphibians_reptiles/2-两栖与爬行动物2026_031.jpg	560	617	9407
teacher/ch11_amphibians_reptiles/2-两栖与爬行动物2026_032.jpg	2206	2485	659819
teacher/ch11_amphibians_reptiles/2-两栖与爬行动物2026_033.jpg	1424	1082	25182
teacher/ch11_amphibians_reptiles/2-两栖与爬行动物2026_034.jpg	528	414	11504
teacher/ch11_amphibians_reptiles/2-两栖与爬行动物2026_035.jpg	581	342	36219
teacher/ch11_amphibians_reptiles/2-两栖与爬行动物2026_036.jpg	758	493	678839
teacher/ch11_amphibians_reptiles/2-两栖与爬行动物2026_040.jpg	1456	1173	34424
teacher/ch11_amphibians_reptiles/2-两栖与爬行动物2026_043.jpg	1504	2187	91023
teacher/ch11_amphibians_reptiles/2-两栖与爬行动物2026_044.jpg	679	456	147227
teacher/ch11_amphibians_reptiles/2-两栖与爬行动物2026_045.jpg	432	444	4886
teacher/ch11_amphibians_reptiles/2-两栖与爬行动物2026_047.jpg	473	515	16783
teacher/ch11_amphibians_reptiles/2-两栖与爬行动物2026_048.jpg	1216	572	16218
teacher/ch11_amphibians_reptiles/2-两栖与爬行动物2026_051.jpg	522	254	41367
teacher/ch11_amphibians_reptiles/2-两栖与爬行动物2026_052.jpg	405	298	26799
teacher/ch11_amphibians_reptiles/2-两栖与爬行动物2026_054.jpg	606	709	67947
teacher/ch11_amphibians_reptiles/2-两栖与爬行动物2026_055.jpg	400	400	101276
teacher/ch11_amphibians_reptiles/2-两栖与爬行动物2026_056.jpg	416	467	4371
teacher/ch11_amphibians_reptiles/2-两栖与爬行动物2026_057.jpg	550	384	21055
teacher/ch11_amphibians_reptiles/2-两栖与爬行动物2026_058.jpg	621	543	117146
teacher/ch11_amphibians_reptiles/2-两栖与爬行动物2026_060.jpg	1860	1063	764071
teacher/ch11_amphibians_reptiles/2-两栖与爬行动物2026_061.jpg	634	401	11440
teacher/ch11_amphibians_reptiles/2-两栖与爬行动物2026_062.jpg	1008	729	67777
teacher/ch11_amphibians_reptiles/2-两栖与爬行动物2026_064.jpg	800	572	95069
teacher/ch11_amphibians_reptiles/2-两栖与爬行动物2026_065.jpg	720	854	15406
teacher/ch11_amphibians_reptiles/2-两栖与爬行动物2026_066.jpg	1424	510	13968
teacher/ch11_amphibians_reptiles/2-两栖与爬行动物2026_067.jpg	533	303	85695
teacher/ch11_amphibians_reptiles/2-两栖与爬行动物2026_068.jpg	688	899	16261
teacher/ch11_amphibians_reptiles/2-两栖与爬行动物2026_069.jpg	1076	1000	92430
teacher/ch11_amphibians_reptiles/2-两栖与爬行动物2026_071.jpg	507	500	43623
teacher/ch11_amphibians_reptiles/2-两栖与爬行动物2026_072.jpg	1088	502	16496
teacher/ch11_amphibians_reptiles/2-两栖与爬行动物2026_073.jpg	3872	1525	300682
teacher/ch11_amphibians_reptiles/2-两栖与爬行动物2026_074.jpg	880	1034	20086
teacher/ch11_amphibians_reptiles/2-两栖与爬行动物2026_075.jpg	3611	1404	293584
teacher/ch11_amphibians_reptiles/2-两栖与爬行动物2026_076.jpg	3932	2166	409594
teacher/ch11_amphibians_reptiles/2-两栖与爬行动物2026_077.jpg	656	622	8708
teacher/ch11_amphibians_reptiles/2-两栖与爬行动物2026_078.jpg	541	270	80061
teacher/ch11_amphibians_reptiles/2-两栖与爬行动物2026_079.jpg	912	921	23433
teacher/ch11_amphibians_reptiles/2-两栖与爬行动物2026_080.jpg	1896	1680	694074
teacher/ch11_amphibians_reptiles/2-两栖与爬行动物2026_081.jpg	664	513	56407
teacher/ch11_amphibians_reptiles/2-两栖与爬行动物2026_082.jpg	1061	434	106279
teacher/ch11_amphibians_reptiles/2-两栖与爬行动物2026_083.jpg	816	1067	23034
teacher/ch12_neuromuscular/2._神经肌肉一般生理2026_002.jpg	573	302	131061
teacher/ch12_neuromuscular/2._神经肌肉一般生理2026_004.jpg	600	708	127864
teacher/ch12_neuromuscular/2._神经肌肉一般生理2026_006.jpg	510	397	154644
teacher/ch12_neuromuscular/2._神经肌肉一般生理2026_007.jpg	560	640	223335
teacher/ch12_neuromuscular/2._神经肌肉一般生理2026_009.jpg	411	348	59277
teacher/ch12_neuromuscular/2._神经肌肉一般生理2026_010.jpg	300	1305	227614
teacher/ch12_neuromuscular/2._神经肌肉一般生理2026_011.jpg	800	451	257050
teacher/ch12_neuromuscular/2._神经肌肉一般生理2026_012.jpg	609	349	101208
teacher/ch12_neuromuscular/2._神经肌肉一般生理2026_013.jpg	2353	763	369849
teacher/ch12_neuromuscular/2._神经肌肉一般生理2026_014.jpg	1284	257	70786
teacher/ch12_neuromuscular/2._神经肌肉一般生理2026_015.jpg	1866	527	502495
teacher/ch12_neuromuscular/2._神经肌肉一般生理2026_016.jpg	3367	1202	3014088
teacher/ch12_neuromuscular/2._神经肌肉一般生理2026_017.jpg	3305	360	550957
teacher/ch12_neuromuscular/2._神经肌肉一般生理2026_018.jpg	762	346	172631
teacher/ch12_neuromuscular/2._神经肌肉一般生理2026_020.jpg	670	821	405433
teacher/ch12_neuromuscular/2._神经肌肉一般生理2026_021.jpg	1280	1364	518375
teacher/ch12_neuromuscular/2._神经肌肉一般生理2026_022.jpg	739	487	330245
teacher/ch12_neuromuscular/2._神经肌肉一般生理2026_024.jpg	1831	722	786320
teacher/ch12_neuromuscular/2._神经肌肉一般生理2026_025.jpg	557	306	60373
teacher/ch12_neuromuscular/2._神经肌肉一般生理2026_026.jpg	613	600	66863
teacher/ch12_neuromuscular/2._神经肌肉一般生理2026_027.jpg	800	371	114955
teacher/ch12_neuromuscular/2._神经肌肉一般生理2026_028.jpg	800	353	155309
teacher/ch12_neuromuscular/2._神经肌肉一般生理2026_029.jpg	713	661	393593
teacher/ch12_neuromuscular/2._神经肌肉一般生理2026_031.jpg	800	481	219848
teacher/ch12_neuromuscular/2._神经肌肉一般生理2026_032.jpg	700	798	217335
teacher/ch12_neuromuscular/2._神经肌肉一般生理2026_033.jpg	476	267	64520
teacher/ch12_neuromuscular/2._神经肌肉一般生理2026_034.jpg	440	321	28702
teacher/ch12_neuromuscular/2._神经肌肉一般生理2026_035.jpg	800	1257	571804
teacher/ch12_neuromuscular/2._神经肌肉一般生理2026_036.jpg	534	344	67966
teacher/ch12_neuromuscular/2._神经肌肉一般生理2026_038.jpg	356	352	74941
teacher/ch12_neuromuscular/2._神经肌肉一般生理2026_041.jpg	800	868	375215
teacher/ch12_neuromuscular/2._神经肌肉一般生理2026_043.jpg	287	555	88238
teacher/ch12_neuromuscular/2._神经肌肉一般生理2026_044.jpg	1694	933	937469
teacher/ch12_neuromuscular/2._神经肌肉一般生理2026_045.jpg	800	451	84968
teacher/ch12_neuromuscular/2._神经肌肉一般生理2026_046.jpg	800	1017	903855
teacher/ch12_neuromuscular/2._神经肌肉一般生理2026_047.jpg	1216	816	279217
teacher/ch12_neuromuscular/2._神经肌肉一般生理2026_048.jpg	800	1163	833726
teacher/ch12_neuromuscular/2._神经肌肉一般生理2026_051.jpg	800	1177	533243
teacher/ch12_neuromuscular/2._神经肌肉一般生理2026_052.jpg	500	2281	314103
teacher/ch12_neuromuscular/2._神经肌肉一般生理2026_053.jpg	800	378	185256
teacher/ch12_neuromuscular/2._神经肌肉一般生理2026_054.jpg	800	465	169568
teacher/ch12_neuromuscular/2._神经肌肉一般生理2026_055.jpg	644	679	117546
teacher/ch12_neuromuscular/2._神经肌肉一般生理2026_059.jpg	537	550	48905
teacher/ch12_neuromuscular/2._神经肌肉一般生理2026_060.jpg	700	401	205653
teacher/ch12_neuromuscular/2._神经肌肉一般生理2026_12学时精简版_023.jpg	1599	812	79137
teacher/ch12_neuromuscular/2._神经肌肉一般生理2026_12学时精简版_049.jpg	450	800	48307
teacher/ch11_birds/3-鸟纲2026_002.jpg	547	346	216316
teacher/ch11_birds/3-鸟纲2026_003.jpg	860	536	206639
teacher/ch11_birds/3-鸟纲2026_004.jpg	976	727	15227
teacher/ch11_birds/3-鸟纲2026_005.jpg	1398	1613	40765
teacher/ch11_birds/3-鸟纲2026_006.jpg	262	600	27988
teacher/ch11_birds/3-鸟纲2026_007.jpg	896	949	11513
teacher/ch11_birds/3-鸟纲2026_008.jpg	672	1100	9417
teacher/ch11_birds/3-鸟纲2026_011.jpg	752	405	4531
teacher/ch11_birds/3-鸟纲2026_013.jpg	688	636	4957
teacher/ch11_birds/3-鸟纲2026_014.jpg	512	636	2989
teacher/ch11_birds/3-鸟纲2026_018.jpg	608	1250	25794
teacher/ch11_birds/3-鸟纲2026_019.jpg	784	1151	18328
teacher/ch11_birds/3-鸟纲2026_021.jpg	1168	727	14901
teacher/ch11_birds/3-鸟纲2026_022.jpg	1424	758	11804
teacher/ch11_birds/3-鸟纲2026_023.jpg	1280	368	133749
teacher/ch11_birds/3-鸟纲2026_024.jpg	1328	596	8260
teacher/ch11_birds/3-鸟纲2026_026.jpg	307	392	12671
teacher/ch11_birds/3-鸟纲2026_027.jpg	1520	899	24944
teacher/ch11_birds/3-鸟纲2026_029.jpg	1104	383	6130
teacher/ch11_birds/3-鸟纲2026_030.jpg	1616	682	26082
teacher/ch11_birds/3-鸟纲2026_031.jpg	1216	742	21853
teacher/ch11_birds/3-鸟纲2026_033.jpg	896	734	11913
teacher/ch11_birds/3-鸟纲2026_034.jpg	720	480	181114
teacher/ch11_birds/3-鸟纲2026_035.jpg	1392	832	25876
teacher/ch11_birds/3-鸟纲2026_037.jpg	415	613	284818
teacher/ch11_birds/3-鸟纲2026_038.jpg	1024	768	187628
teacher/ch11_birds/3-鸟纲2026_039.jpg	560	657	33660
teacher/ch11_birds/3-鸟纲2026_040.jpg	671	446	43734
teacher/ch11_birds/3-鸟纲2026_041.jpg	1009	555	771975
teacher/ch11_birds/3-鸟纲2026_042.jpg	1024	768	490131
teacher/ch11_birds/3-鸟纲2026_044.jpg	1616	909	25134
teacher/ch11_birds/3-鸟纲2026_045.jpg	909	372	78726
teacher/ch11_birds/3-鸟纲2026_046.jpg	976	738	17176
teacher/ch12_nervous/3_神经系统-2026年_001.jpg	600	400	79636
teacher/ch12_nervous/3_神经系统-2026年_002.jpg	597	372	158433
teacher/ch12_nervous/3_神经系统-2026年_003.jpg	800	541	217329
teacher/ch12_nervous/3_神经系统-2026年_004.jpg	800	542	216284
teacher/ch12_nervous/3_神经系统-2026年_005.jpg	800	584	168157
teacher/ch12_nervous/3_神经系统-2026年_006.jpg	800	327	48586
teacher/ch12_nervous/3_神经系统-2026年_007.jpg	800	527	81257
teacher/ch12_nervous/3_神经系统-2026年_008.jpg	545	600	53120
teacher/ch12_nervous/3_神经系统-2026年_009.jpg	540	600	77165
teacher/ch12_nervous/3_神经系统-2026年_010.jpg	546	600	57438
teacher/ch12_nervous/3_神经系统-2026年_011.jpg	1339	968	91851
teacher/ch12_nervous/3_神经系统-2026年_012.jpg	800	620	766859
teacher/ch12_nervous/3_神经系统-2026年_013.jpg	516	430	41796
teacher/ch12_nervous/3_神经系统-2026年_015.jpg	800	538	264841
teacher/ch12_nervous/3_神经系统-2026年_016.jpg	2262	1280	964892
teacher/ch12_nervous/3_神经系统-2026年_017.jpg	800	446	246205
teacher/ch12_nervous/3_神经系统-2026年_018.jpg	1635	918	104322
teacher/ch12_nervous/3_神经系统-2026年_019.jpg	700	529	226515
teacher/ch12_nervous/3_神经系统-2026年_020.jpg	800	451	266305
teacher/ch12_nervous/3_神经系统-2026年_021.jpg	393	673	584155
teacher/ch12_nervous/3_神经系统-2026年_023.jpg	2000	1332	577273
teacher/ch12_nervous/3_神经系统-2026年_024.jpg	800	998	611490
teacher/ch12_nervous/3_神经系统-2026年_025.jpg	800	1077	770001
teacher/ch12_nervous/3_神经系统-2026年_026.jpg	800	862	440375
teacher/ch12_nervous/3_神经系统-2026年_028.jpg	800	1163	490820
teacher/ch12_nervous/3_神经系统-2026年_030.jpg	1897	918	131015
teacher/ch12_nervous/3_神经系统-2026年_031.jpg	1980	813	92492
teacher/ch12_nervous/3_神经系统-2026年_032.jpg	800	470	214455
teacher/ch12_nervous/3_神经系统-2026年_033.jpg	800	521	249278
teacher/ch12_nervous/3_神经系统-2026年_034.jpg	800	779	272625
teacher/ch12_nervous/3_神经系统-2026年_035.jpg	800	651	354651
teacher/ch12_nervous/3_神经系统-2026年_036.jpg	2552	3200	515798
teacher/ch12_nervous/3_神经系统-2026年_038.jpg	1368	820	123295
teacher/ch12_nervous/3_神经系统-2026年_039.jpg	800	777	577178
teacher/ch12_nervous/3_神经系统-2026年_040.jpg	800	518	301220
teacher/ch12_nervous/3_神经系统-2026年_041.jpg	1043	1000	603542
teacher/ch12_nervous/3_神经系统-2026年_042.jpg	800	804	465791
teacher/ch12_nervous/3_神经系统-2026年_043.jpg	426	981	443736
teacher/ch12_nervous/3_神经系统-2026年_044.jpg	414	987	463982
teacher/ch12_nervous/3_神经系统-2026年_045.jpg	1284	837	2288273
teacher/ch12_nervous/3_神经系统-2026年_046.jpg	540	832	426846
teacher/ch12_nervous/3_神经系统-2026年_047.jpg	800	471	350434
teacher/ch12_nervous/3_神经系统-2026年_048.jpg	800	594	84423
teacher/ch12_nervous/3_神经系统-2026年_049.jpg	798	781	307730
teacher/ch12_nervous/3_神经系统-2026年_050.jpg	731	686	236530
teacher/ch12_nervous/3_神经系统-2026年_053.jpg	800	615	213492
teacher/ch12_nervous/3_神经系统-2026年_054.jpg	1948	1279	1918449
teacher/ch12_nervous/3_神经系统-2026年_055.jpg	800	892	123681
teacher/ch12_nervous/3_神经系统-2026年_056.jpg	300	515	18914
teacher/ch12_nervous/3_神经系统-2026年_057.jpg	1043	1000	194165
teacher/ch12_nervous/3_神经系统-2026年_058.jpg	550	600	57704
teacher/ch12_nervous/3_神经系统-2026年_059.jpg	438	337	14764
teacher/ch12_nervous/3_神经系统-2026年_060.jpg	660	277	106869
teacher/ch12_nervous/3_神经系统-2026年_061.jpg	1200	908	109682
teacher/ch12_nervous/3_神经系统-2026年_062.jpg	787	505	261292
teacher/ch12_nervous/3_神经系统-2026年_063.jpg	787	935	160336
teacher/ch12_nervous/3_神经系统-2026年_064.jpg	787	424	79402
teacher/ch12_nervous/3_神经系统-2026年_065.jpg	300	833	59738
teacher/ch12_nervous/3_神经系统-2026年_066.jpg	787	931	281501
teacher/ch12_nervous/3_神经系统-2026年_067.jpg	2527	1279	1874198
teacher/ch12_nervous/3_神经系统-2026年_068.jpg	800	451	61245
teacher/ch12_nervous/3_神经系统-2026年_069.jpg	586	600	50899
teacher/ch12_nervous/3_神经系统-2026年_070.jpg	764	600	120326
teacher/ch12_nervous/3_神经系统-2026年_072.jpg	330	422	308805
teacher/ch12_nervous/3_神经系统-2026年_073.jpg	517	378	386180
teacher/ch12_nervous/3_神经系统-2026年_074.jpg	3424	2000	2952933
teacher/ch12_nervous/3_神经系统-2026年_12学时精简版_013.jpg	1273	2263	129758
teacher/ch11_mammals/4-哺乳纲2026_002.jpg	500	753	34667
teacher/ch11_mammals/4-哺乳纲2026_003.jpg	500	341	46683
teacher/ch11_mammals/4-哺乳纲2026_004.jpg	535	522	165513
teacher/ch11_mammals/4-哺乳纲2026_005.jpg	832	447	8687
teacher/ch11_mammals/4-哺乳纲2026_006.jpg	1504	641	29511
teacher/ch11_mammals/4-哺乳纲2026_007.jpg	831	576	310708
teacher/ch11_mammals/4-哺乳纲2026_008.jpg	782	491	274507
teacher/ch11_mammals/4-哺乳纲2026_009.jpg	814	342	168602
teacher/ch11_mammals/4-哺乳纲2026_010.jpg	811	582	286969
teacher/ch11_mammals/4-哺乳纲2026_013.jpg	811	425	469309
teacher/ch11_mammals/4-哺乳纲2026_014.jpg	536	632	225827
teacher/ch11_mammals/4-哺乳纲2026_015.jpg	494	607	187640
teacher/ch11_mammals/4-哺乳纲2026_017.jpg	640	480	50486
teacher/ch11_mammals/4-哺乳纲2026_018.jpg	800	268	90968
teacher/ch11_mammals/4-哺乳纲2026_019.jpg	1520	1341	38912
teacher/ch11_mammals/4-哺乳纲2026_020.jpg	918	626	246305
teacher/ch11_mammals/4-哺乳纲2026_021.jpg	692	577	227125
teacher/ch11_mammals/4-哺乳纲2026_022.jpg	688	658	8830
teacher/ch11_mammals/4-哺乳纲2026_024.jpg	1344	422	7469
teacher/ch11_mammals/4-哺乳纲2026_025.jpg	720	480	159217
teacher/ch11_mammals/4-哺乳纲2026_026.jpg	642	622	307815
teacher/ch11_mammals/4-哺乳纲2026_027.jpg	800	1341	26174
teacher/ch11_mammals/4-哺乳纲2026_028.jpg	720	480	479596
teacher/ch11_mammals/4-哺乳纲2026_029.jpg	601	641	267699
teacher/ch11_mammals/4-哺乳纲2026_031.jpg	824	577	320137
teacher/ch11_mammals/4-哺乳纲2026_032.jpg	976	726	18009
teacher/ch11_mammals/4-哺乳纲2026_033.jpg	864	810	18106
teacher/ch11_mammals/4-哺乳纲2026_034.jpg	1192	1358	66368
teacher/ch11_mammals/4-哺乳纲2026_035.jpg	720	480	446673
teacher/ch11_mammals/4-哺乳纲2026_036.jpg	715	632	309385
teacher/ch11_mammals/4-哺乳纲2026_037.jpg	633	482	206541
teacher/ch11_mammals/4-哺乳纲2026_038.jpg	438	386	16719
teacher/ch11_mammals/4-哺乳纲2026_039.jpg	1168	801	27589
teacher/ch11_mammals/4-哺乳纲2026_040.jpg	1408	1956	55075
teacher/ch11_mammals/4-哺乳纲2026_041.jpg	1376	726	20337
teacher/ch11_mammals/4-哺乳纲2026_042.jpg	1328	1155	34011
teacher/ch11_mammals/4-哺乳纲2026_043.jpg	1456	978	19027
teacher/ch11_mammals/4-哺乳纲2026_044.jpg	508	440	90188
teacher/ch11_mammals/4-哺乳纲2026_045.jpg	800	600	55833
teacher/ch11_mammals/4-哺乳纲2026_048.jpg	746	580	213656
teacher/ch11_mammals/4-哺乳纲2026_049.jpg	1840	1029	28601
teacher/ch11_mammals/4-哺乳纲2026_052.jpg	482	441	247952
teacher/ch11_mammals/4-哺乳纲2026_053.jpg	441	424	428485
teacher/ch11_mammals/4-哺乳纲2026_054.jpg	822	599	141128
teacher/ch11_mammals/4-哺乳纲2026_056.jpg	413	424	343118
teacher/ch11_mammals/4-哺乳纲2026_057.jpg	599	546	69906
teacher/ch11_mammals/4-哺乳纲2026_058.jpg	671	472	45595
teacher/ch11_mammals/4-哺乳纲2026_061.jpg	500	378	29845
teacher/ch12_sensory/4_感觉器官-2026_002.jpg	800	497	475714
teacher/ch12_sensory/4_感觉器官-2026_003.jpg	800	520	567819
teacher/ch12_sensory/4_感觉器官-2026_004.jpg	600	799	776320
teacher/ch12_sensory/4_感觉器官-2026_005.jpg	500	645	505703
teacher/ch12_sensory/4_感觉器官-2026_006.jpg	800	469	555397
teacher/ch12_sensory/4_感觉器官-2026_007.jpg	1147	1280	75757
teacher/ch12_sensory/4_感觉器官-2026_008.jpg	800	577	492267
teacher/ch12_sensory/4_感觉器官-2026_009.jpg	1008	1008	1280530
teacher/ch12_sensory/4_感觉器官-2026_010.jpg	800	458	387276
teacher/ch12_sensory/4_感觉器官-2026_011.jpg	681	300	66336
teacher/ch12_sensory/4_感觉器官-2026_012.jpg	424	300	267178
teacher/ch12_sensory/4_感觉器官-2026_013.jpg	800	593	253759
teacher/ch12_sensory/4_感觉器官-2026_014.jpg	800	457	133693
teacher/ch12_sensory/4_感觉器官-2026_018.jpg	600	1002	351371
teacher/ch12_sensory/4_感觉器官-2026_019.jpg	500	1103	204320
teacher/ch12_sensory/4_感觉器官-2026_020.jpg	800	299	202621
teacher/ch12_sensory/4_感觉器官-2026_021.jpg	639	430	322514
teacher/ch12_sensory/4_感觉器官-2026_022.jpg	700	369	216988
teacher/ch12_sensory/4_感觉器官-2026_024.jpg	640	675	44024
teacher/ch12_sensory/4_感觉器官-2026_025.jpg	3320	2182	1449626
teacher/ch12_sensory/4_感觉器官-2026_026.jpg	665	500	52537
teacher/ch12_sensory/4_感觉器官-2026_028.jpg	800	565	109458
teacher/ch12_sensory/4_感觉器官-2026_029.jpg	800	371	492723
teacher/ch12_sensory/4_感觉器官-2026_030.jpg	1928	1200	150374
teacher/ch12_sensory/4_感觉器官-2026_033.jpg	669	520	131390
teacher/ch12_sensory/4_感觉器官-2026_035.jpg	1600	1404	256655
teacher/ch12_sensory/4_感觉器官-2026_036.jpg	800	486	396196
teacher/ch12_sensory/4_感觉器官-2026_038.jpg	800	514	384372
teacher/ch12_sensory/4_感觉器官-2026_039.jpg	780	503	383654
teacher/ch12_sensory/4_感觉器官-2026_040.jpg	646	600	247880
teacher/ch12_sensory/4_感觉器官-2026_041.jpg	800	364	314313
teacher/ch12_sensory/4_感觉器官-2026_043.jpg	800	262	132652
teacher/ch12_sensory/4_感觉器官-2026_044.jpg	578	600	252336
teacher/ch12_sensory/4_感觉器官-2026_046.jpg	620	600	261937
teacher/ch12_sensory/4_感觉器官-2026_047.jpg	800	372	392767
teacher/ch12_sensory/4_感觉器官-2026_048.jpg	1024	330	205112
teacher/ch12_sensory/4_感觉器官-2026_049.jpg	800	490	230470
teacher/ch12_sensory/4_感觉器官-2026_051.jpg	589	288	137922
teacher/ch12_sensory/4_感觉器官-2026_052.jpg	1330	1280	863130
teacher/ch12_sensory/4_感觉器官-2026_053.jpg	1819	864	140574
teacher/ch12_sensory/4_感觉器官-2026_055.jpg	500	282	132712
teacher/ch12_sensory/4_感觉器官-2026_057.jpg	477	600	255067
teacher/ch12_sensory/4_感觉器官-2026_058.jpg	730	600	331854
teacher/ch12_sensory/4_感觉器官-2026_059.jpg	458	600	249881
teacher/ch12_sensory/4_感觉器官-2026_060.jpg	482	362	166140
teacher/ch12_sensory/4_感觉器官-2026_061.jpg	800	564	311426
teacher/ch12_sensory/4_感觉器官-2026_062.jpg	488	300	213265
teacher/ch12_sensory/4_感觉器官-2026_064.jpg	451	300	244698
teacher/ch12_sensory/4_感觉器官-202612学时精简版_027.jpg	3089	2480	543719
teacher/ch12_sensory/4_感觉器官-202612学时精简版_054.jpg	1943	1910	333054
teacher/ch11_comparative_anatomy/5-比较解剖2026_001.jpg	1000	824	101579
teacher/ch11_comparative_anatomy/5-比较解剖2026_002.jpg	1260	717	18177
teacher/ch11_comparative_anatomy/5-比较解剖2026_003.jpg	1022	993	19667
teacher/ch11_comparative_anatomy/5-比较解剖2026_004.jpg	578	447	10211
teacher/ch11_comparative_anatomy/5-比较解剖2026_005.jpg	887	625	18511
teacher/ch11_comparative_anatomy/5-比较解剖2026_006.jpg	1139	1017	27834
teacher/ch11_comparative_anatomy/5-比较解剖2026_007.jpg	856	778	20857
teacher/ch11_comparative_anatomy/5-比较解剖2026_008.jpg	1810	1011	31455
teacher/ch11_comparative_anatomy/5-比较解剖2026_009.jpg	850	1360	18750
teacher/ch11_comparative_anatomy/5-比较解剖2026_010.jpg	856	1458	25998
teacher/ch11_comparative_anatomy/5-比较解剖2026_011.jpg	1284	1139	28842
teacher/ch11_comparative_anatomy/5-比较解剖2026_012.jpg	1358	766	41010
teacher/ch11_comparative_anatomy/5-比较解剖2026_013.jpg	1174	1011	22630
teacher/ch11_comparative_anatomy/5-比较解剖2026_014.jpg	1590	999	23178
teacher/ch11_comparative_anatomy/5-比较解剖2026_015.jpg	520	515	7596
teacher/ch11_comparative_anatomy/5-比较解剖2026_016.jpg	1590	515	15442
teacher/ch11_comparative_anatomy/5-比较解剖2026_017.jpg	985	435	8335
teacher/ch11_comparative_anatomy/5-比较解剖2026_018.jpg	1107	1011	32494
teacher/ch11_comparative_anatomy/5-比较解剖2026_019.jpg	989	1649	28875
teacher/ch11_comparative_anatomy/5-比较解剖2026_020.jpg	1173	1229	26617
teacher/ch11_comparative_anatomy/5-比较解剖2026_021.jpg	1474	907	21787
teacher/ch11_comparative_anatomy/5-比较解剖2026_022.jpg	1376	809	30015
teacher/ch11_comparative_anatomy/5-比较解剖2026_024.jpg	1309	784	24308
teacher/ch11_comparative_anatomy/5-比较解剖2026_025.jpg	813	827	18022
teacher/ch11_comparative_anatomy/5-比较解剖2026_026.jpg	1150	944	136724
teacher/ch11_comparative_anatomy/5-比较解剖2026_027.jpg	1370	1526	43938
teacher/ch11_comparative_anatomy/5-比较解剖2026_028.jpg	1303	907	25964
teacher/ch11_comparative_anatomy/5-比较解剖2026_029.jpg	1364	1115	34396
teacher/ch11_comparative_anatomy/5-比较解剖2026_030.jpg	655	1158	14933
teacher/ch11_comparative_anatomy/5-比较解剖2026_031.jpg	1292	1650	55205
teacher/ch11_comparative_anatomy/5-比较解剖2026_032.jpg	1780	1366	36465
teacher/ch11_comparative_anatomy/5-比较解剖2026_033.jpg	1196	1647	41399
teacher/ch11_comparative_anatomy/5-比较解剖2026_034.jpg	1241	950	44375
teacher/ch11_comparative_anatomy/5-比较解剖2026_035.jpg	1576	1658	59906
teacher/ch11_comparative_anatomy/5-比较解剖2026_036.jpg	1724	1287	43445
teacher/ch11_comparative_anatomy/5-比较解剖2026_037.jpg	863	1152	25567
teacher/ch11_comparative_anatomy/5-比较解剖2026_038.jpg	1284	1238	32913
teacher/ch11_comparative_anatomy/5-比较解剖2026_039.jpg	1162	1287	38707
teacher/ch11_comparative_anatomy/5-比较解剖2026_040.jpg	1164	1649	41261
teacher/ch11_comparative_anatomy/5-比较解剖2026_041.jpg	1553	1348	48957
teacher/ch11_comparative_anatomy/5-比较解剖2026_042.jpg	361	333	56046
teacher/ch11_comparative_anatomy/5-比较解剖2026_044.jpg	1792	1238	33930
teacher/ch11_comparative_anatomy/5-比较解剖2026_045.jpg	606	1415	19364
teacher/ch12_blood/5_血液-2026年_001.jpg	800	685	48895
teacher/ch12_blood/5_血液-2026年_002.jpg	452	340	2535
teacher/ch12_blood/5_血液-2026年_003.jpg	800	331	285608
teacher/ch12_blood/5_血液-2026年_004.jpg	556	600	328833
teacher/ch12_blood/5_血液-2026年_005.jpg	1080	2340	731568
teacher/ch12_blood/5_血液-2026年_006.jpg	1146	834	262632
teacher/ch12_blood/5_血液-2026年_007.jpg	468	600	174988
teacher/ch12_circulation/6_循环系统_2026年_001.jpg	500	548	117001
teacher/ch12_circulation/6_循环系统_2026年_004.jpg	493	408	122930
teacher/ch12_circulation/6_循环系统_2026年_005.jpg	400	500	61967
teacher/ch12_circulation/6_循环系统_2026年_007.jpg	550	500	38641
teacher/ch12_circulation/6_循环系统_2026年_008.jpg	550	500	35987
teacher/ch12_circulation/6_循环系统_2026年_009.jpg	1766	393	351695
teacher/ch12_circulation/6_循环系统_2026年_010.jpg	762	595	243148
teacher/ch12_circulation/6_循环系统_2026年_011.jpg	322	530	60973
ERR	extracted_images/6_循环系统_2026年/012.png	cannot identify image file 'extracted_images/6_循环系统_2026年/012.png'
teacher/ch12_circulation/6_循环系统_2026年_014.jpg	480	497	63754
teacher/ch12_circulation/6_循环系统_2026年_015.jpg	800	703	100367
teacher/ch12_circulation/6_循环系统_2026年_018.jpg	4109	1744	2485294
teacher/ch12_circulation/6_循环系统_2026年_022.jpg	800	550	45523
teacher/ch12_circulation/6_循环系统_2026年_023.jpg	572	600	388438
teacher/ch12_circulation/6_循环系统_2026年_024.jpg	800	549	348466
teacher/ch12_circulation/6_循环系统_2026年_026.jpg	450	328	159437
teacher/ch12_circulation/6_循环系统_2026年_027.jpg	1003	623	578766
teacher/ch12_circulation/6_循环系统_2026年_028.jpg	680	650	45186
teacher/ch12_circulation/6_循环系统_2026年_029.jpg	1080	813	303684
teacher/ch12_circulation/6_循环系统_2026年_031.jpg	449	300	75121
teacher/ch12_circulation/6_循环系统_2026年_033.jpg	1375	773	121848
ERR	extracted_images/6_循环系统_2026年_12学时精简版/012.png	cannot identify image file 'extracted_images/6_循环系统_2026年_12学时精简版/012.png'
teacher/ch12_respiration/7_呼吸-2026年_001.jpg	925	354	40550
teacher/ch12_respiration/7_呼吸-2026年_002.jpg	922	462	28706
teacher/ch12_respiration/7_呼吸-2026年_003.jpg	588	683	33805
teacher/ch12_respiration/7_呼吸-2026年_004.jpg	514	691	35047
teacher/ch12_respiration/7_呼吸-2026年_005.jpg	520	690	42022
teacher/ch12_respiration/7_呼吸-2026年_006.jpg	502	690	55276
teacher/ch12_respiration/7_呼吸-2026年_007.jpg	922	546	44434
teacher/ch12_respiration/7_呼吸-2026年_010.jpg	930	510	38191
teacher/ch12_respiration/7_呼吸-2026年_011.jpg	302	504	24200
teacher/ch12_respiration/7_呼吸-2026年_012.jpg	1060	1393	535182
teacher/ch12_respiration/7_呼吸-2026年_013.jpg	420	360	75034
teacher/ch12_respiration/7_呼吸-2026年_015.jpg	1142	279	251255
teacher/ch12_respiration/7_呼吸-2026年_016.jpg	1340	1120	90986
teacher/ch12_respiration/7_呼吸-2026年_019.jpg	420	360	85113
teacher/ch12_respiration/7_呼吸-2026年_021.jpg	420	360	87869
teacher/ch12_respiration/7_呼吸-2026年_023.jpg	436	667	69618
teacher/ch12_respiration/7_呼吸-2026年_024.jpg	1424	980	21629
teacher/ch12_respiration/7_呼吸-2026年_028.jpg	1080	810	90795
teacher/ch12_respiration/7_呼吸-2026年_029.jpg	464	594	37216
teacher/ch12_respiration/7_呼吸-2026年_031.jpg	521	513	43787
teacher/ch12_respiration/7_呼吸-2026年_032.jpg	553	514	28226
teacher/ch12_respiration/7_呼吸-2026年_033.jpg	904	421	44052
teacher/ch12_digestion/8_消化-2026年_001.jpg	700	896	795797
teacher/ch12_digestion/8_消化-2026年_002.jpg	1584	2030	234761
teacher/ch12_digestion/8_消化-2026年_003.jpg	420	360	15798
teacher/ch12_digestion/8_消化-2026年_004.jpg	960	720	40096
teacher/ch12_digestion/8_消化-2026年_005.jpg	420	360	96878
teacher/ch12_digestion/8_消化-2026年_006.jpg	420	360	27385
teacher/ch12_digestion/8_消化-2026年_007.jpg	1344	1050	122014
teacher/ch12_digestion/8_消化-2026年_008.jpg	420	360	83636
teacher/ch12_digestion/8_消化-2026年_009.jpg	1344	1050	111301
teacher/ch12_digestion/8_消化-2026年_010.jpg	832	860	68795
teacher/ch12_digestion/8_消化-2026年_012.jpg	431	324	37258
teacher/ch12_digestion/8_消化-2026年_013.jpg	420	360	98720
teacher/ch12_digestion/8_消化-2026年_014.jpg	420	360	57378
teacher/ch12_digestion/8_消化-2026年_015.jpg	500	398	17836
teacher/ch12_digestion/8_消化-2026年_016.jpg	543	478	385863
teacher/ch12_digestion/8_消化-2026年_017.jpg	420	360	57354
teacher/ch12_digestion/8_消化-2026年_018.jpg	1312	1160	131362
teacher/ch12_digestion/8_消化-2026年_019.jpg	420	360	73257
teacher/ch12_digestion/8_消化-2026年_020.jpg	420	360	89568
teacher/ch12_digestion/8_消化-2026年_021.jpg	420	360	19447
teacher/ch12_digestion/8_消化-2026年_022.jpg	1835	919	121272
teacher/ch12_digestion/8_消化-2026年_023.jpg	420	360	14582
teacher/ch12_digestion/8_消化-2026年_024.jpg	420	360	15500
teacher/ch12_digestion/8_消化-2026年_025.jpg	420	360	93324
teacher/ch12_digestion/8_消化-2026年_026.jpg	420	360	28004
teacher/ch12_digestion/8_消化-2026年_027.jpg	274	535	25445
teacher/ch12_digestion/8_消化-2026年_029.jpg	700	628	487723
teacher/ch12_digestion/8_消化-2026年_030.jpg	420	360	54096
teacher/ch12_metabolism/9_能量代谢与体温调节-2026年_004.jpg	432	356	67421
teacher/ch12_metabolism/9_能量代谢与体温调节-2026年_005.jpg	1080	1384	678113
teacher/ch12_metabolism/9_能量代谢与体温调节-2026年_023.jpg	934	515	382249
teacher/ch12_metabolism/9_能量代谢与体温调节-2026年_029.jpg	888	557	160886
teacher/ch12_metabolism/9_能量代谢与体温调节-2026年_032.jpg	913	543	212119
teacher/ch12_metabolism/9_能量代谢与体温调节-2026年_033.jpg	450	279	167053